啊,a,"modal particle ending sentence, showing affirmation, approval, or consent",啊,a1,aa1,ā,3
阿姨,ā yí,"maternal aunt; step-mother; childcare worker; nursemaid; woman of similar age to one's parents (term of address used by child); CL:个",阿姨,a3 yi1,aa3 ji1,a yī,3
矮,ǎi,"low; short (in length)",矮,ai2,ai2,ái,3
爱好,ài hào,"interest; hobby; appetite for; CL:个",愛好,oi3 hou2,oi3 hou2,oi hóu,3
安静,ān jìng,"quiet; peaceful; calm",安靜,on1 jing6,on1 zing6,ōn jihng,3
把,bǎ,"to hold; to contain; to grasp; to take hold of; a handle; particle marking the following noun as a direct object; classifier for objects with handle",把,ba2,baa2,bá,3
搬,bān,"to move; to shift; to remove; to transport; to apply indiscriminately; to copy mechanically",搬,bun1,bun1,būn,3
班,bān,"team; class; squad; work shift; classifier for groups; ranking; surname Ban; CL:个",班,baan1,baan1,bāan,3
办法,bàn fǎ,"means; method; way (of doing sth); CL:条[tiao2] ,个",辦法,baan6 faat3,baan6 faat3,baahn faat,3
办公室,bàn gōng shì,"an office; business premises; a bureau; CL:间[jian1]",辦公室,baan6 gung1 sat1,baan6 gung1 sat1,baahn gūng sāt,3
半,bàn,"half; semi-; incomplete; (after a number) and a half",半,bun3,bun3,bun,3
帮忙,bāng máng,"to help; to lend a hand; to do a favor; to do a good turn",幫忙,bong1 mong4,bong1 mong4,bōng mòhng,3
包,bāo,"to cover; to wrap; to hold; to include; to take charge of; package; wrapper; container; bag; to hold or embrace; bundle; packet; to contract (to or for); surname Bao; CL:个,只[zhi1]",包,baau1,baau1,bāau,3
饱,bǎo,"to eat till full; satisfied",飽,baau2,baau2,báau,3
北方,běi fāng,"north; the northern part a country; China north of the Yellow River",北方,bak1 fong1,bak1 fong1,bāk fōng,3
被,bèi,"by (indicates passive-voice sentences or clauses); quilt; to cover (literary)",被,bei6/pei5,bei6/pei5,beih/péih,3
鼻子,bí zi,"nose; CL:个,只[zhi1]",鼻子,bei6 ji2,bei6 zi2,beih jí,3
比较,bǐ jiào,"compare; contrast; fairly; comparatively; relatively; quite; rather",比較,bei2 gaau3,bei2 gaau3,béi gaau,3
比赛,bǐ sài,"competition (sports etc); match; CL:场[chang3] ,次[ci4]",比賽,bei2 choi3,bei2 coi3,béi choi,3
笔记本,bǐ jì běn,"notebook; CL:本[ben3]",筆記本,bat1 gei3 bun2,bat1 gei3 bun2,bāt gei bún,3
必须,bì xū,"to have to; must; compulsory; necessarily",必須,bit1 seui1,bit1 seoi1,bīt sēui,3
变化,biàn huà,"change; variation; to change; to vary; CL:个",變化,bin3 fa3,bin3 faa3,bin fa,3
别人,bié rén,"others",別人,bit6 yan4,bit6 jan4,biht yàhn,3
冰箱,bīng xiāng,"icebox; freezer cabinet; refrigerator; CL:台[tai2] ,个",冰箱,bing1 seung1,bing1 soeng1,bīng sēung,3
不但…而且…,bù dàn …ér qiě …,"not only ... but also...",不但…而且…,bat1 daan6… yi4 che2…,bat1 daan6… ji4 ce2…,bāt daahn… yìh ché…,3
菜单,cài dān,"menu; CL:份[fen4] ,张[zhang1]",菜單,choi3 daan1,coi3 daan1,choi dāan,3
参加,cān jiā,"to participate; to take part; to join",參加,chaam1 ga1,caam1 gaa1,chāam gā,3
草,cǎo,"grass; straw; manuscript; draft (of a document); careless; rough; CL:棵[ke1] ,撮[zuo3] ,株[zhu1] ,根[gen1]",草,chou2,cou2,chóu,3
层,céng,"layer; stratum; laminated; floor (of a building); storey; classifier for layers; repeated; sheaf (math.)",層,chang4,cang4,chàhng,3
差,chà,"differ from; short of; to lack; poor",差,cha1,caa1,chā,3
超市,chāo shì,"supermarket (abbr.); CL:家[jia1]",超市,chiu1 si5,ciu1 si5,chīu síh,3
衬衫,chèn shān,"shirt; blouse; CL:件[jian4]",襯衫,chan3 saam1,can3 saam1,chan sāam,3
城市,chéng shì,"city; town; CL:座[zuo4]",城市,sing4 si5,sing4 si5,sìhng síh,3
成绩,chéng jì,"achievement; performance records; grades; CL:项[xiang4] ,个",成績,sing4 jik1,sing4 zik1,sìhng jīk,3
迟到,chí dào,"to arrive late",遲到,chi4 dou3,ci4 dou3,chìh dou,3
除了,chú le,"besides; apart from (... also...); in addition to; except (for)",除了,cheui4 liu5,ceoi4 liu5,chèuih líuh,3
船,chuán,"a boat; vessel; ship; CL:条[tiao2] ,艘[sou1] ,只[zhi1]",船,syun4,syun4,syùhn,3
春,chūn,"spring (time); gay; joyful; youthful; love; lust; life",春,cheun1,ceon1,chēun,3
词典,cí diǎn,"dictionary (of Chinese compound words); CL:部[bu4] ,本[ben3]",詞典,chi4 din2,ci4 din2,chìh dín,3
聪明,cōng ming,"acute (of sight and hearing); clever; intelligent; bright; smart",聰明,chung1 ming4,cung1 ming4,chūng mìhng,3
打扫,dǎ sǎo,"to clean; to sweep",打掃,da2 sou3,daa2 sou3,dá sou,3
打算,dǎ suàn,"to plan; to intend; to calculate; plan; intention; calculation; CL:个",打算,da2 syun3,daa2 syun3,dá syun,3
带,dài,"band; belt; girdle; ribbon; tire; area; zone; region; to wear; to carry; to lead; to bring; to look after; to raise; CL:条[tiao2];",帶,daai3,daai3,daai,3
担心,dān xīn,"anxious; worried; uneasy; to worry; to be anxious",擔心,daam1 sam1,daam1 sam1,dāam sām,3
蛋糕,dàn gāo,"cake; CL:块[kuai4] ,个",蛋糕,daan6 gou1,daan6 gou1,daahn gōu,3
当然,dāng rán,"of course; without doubt; only natural; as it should be; certainly;",當然,dong1 yin4,dong1 jin4,dōng yìhn,3
地,de,"-ly; structural particle: used before a verb or adjective, linking it to preceding modifying adverbial adjunct;",地,dei6,dei6,deih,3
灯,dēng,"lamp; light; lantern; CL:盏[zhan3]",燈,dang1,dang1,dāng,3
地方,dì fang,"region; regional (away from the central administration)",地方,dei6 fong1,dei6 fong1,deih fōng,3
地铁,dì tiě,"subway; metro",地鐵,dei6 tit3,dei6 tit3,deih tit,3
地图,dì tú,"map; CL:张[zhang1] ,本[ben3]",地圖,dei6 tou4,dei6 tou4,deih tòuh,3
电梯,diàn tī,"elevator; CL:台[tai2] ,部[bu4]",電梯,din6 tai1,din6 tai1,dihn tāi,3
电子邮件,diàn zǐ yóu jiàn,"electronic mail; email; CL:封[feng1]",電子郵件,din6 ji2 yau4 gin2,din6 zi2 jau4 gin2,dihn jí yàuh gín,3
东,dōng,"east; host (i.e. sitting on east side of guest); landlord; surname Dong",東,dung1,dung1,dūng,3
冬,dōng,"winter",冬,dung1,dung1,dūng,3
动物,dòng wù,"animal; CL:只[zhi1] ,群[qun2] ,个",動物,dung6 mat6,dung6 mat6,duhng maht,3
短,duǎn,"short or brief; to lack; weak point; fault",短,dyun2,dyun2,dyún,3
段,duàn,"paragraph; section; segment; stage (of a process); classifier for stories, periods of time, lengths of thread etc",段,dyun6,dyun6,dyuhn,3
锻炼,duàn liàn,"to engage in physical exercise; to toughen; to temper",鍛煉,dyun3 lin6,dyun3 lin6,dyun lihn,3
多么,duō me,"how (wonderful etc); what (a great idea etc); however (difficult it may be etc)",多麽,do1 mo1,do1 mo1,dō mō,3
饿,è a,"to be hungry; hungry",餓,ngo6,ngo6,ngoh,3
耳朵,ěr duo,"ear; CL:只[zhi1] ,个,对[dui4]",耳朵,yi5 deu2,ji5 doe2,yíh déu,3
发,fā,"to send out; to show (one's feeling); to issue; to develop; classifier for gunshots (rounds)",發,faat3,faat3,faat,3
发烧,fā shāo,"have a high temperature (from illness); have a fever",發燒,faat3 siu1,faat3 siu1,faat sīu,3
发现,fā xiàn,"to find; to discover",發現,faat3 yin6,faat3 jin6,faat yihn,3
方便,fāng biàn,"convenient; to help out; to make things easy for people; convenience; suitable; having money to spare; (euphemism) to go to the toilet",方便,fong1 bin6,fong1 bin6,fōng bihn,3
放,fàng,"to release; to free; to let go; to put; to place; to let out; to set off (fireworks)",放,fong3,fong3,fong,3
放心,fàng xīn,"to set one's mind at rest; to be at ease; to rest",放心,fong3 sam1,fong3 sam1,fong sām,3
分,fēn,"to divide; to separate; to allocate; to distinguish (good and bad); part or subdivision; fraction; one tenth (of certain units); unit of length equivalent to 0.33 cm; minute; a point (in sports or games); 0.01 yuan (unit of money)",分,fan1/fan6,fan1/fan6,fān/fahn,3
复习,fù xí,"to revise; to review; revision; CL:次[ci4]",複習,fuk1 jaap6,fuk1 zaap6,fūk jaahp,3
附近,fù jìn,"(in the) vicinity; nearby; neighboring; next to",附近,fu6 gan6,fu6 gan6,fuh gahn,3
干净,gān jìng,"neat and tidy; clean",幹淨,gon3 jing6,gon3 zing6,gon jihng,3
感冒,gǎn mào,"to catch cold; (common) cold; CL:次[ci4]",感冒,gam2 mou6,gam2 mou6,gám mouh,3
感兴趣,gǎn xìng qù,"to be interested;",感興趣,gam2 hing3 cheui3,gam2 hing3 ceoi3,gám hing cheui,3
刚才,gāng cái,"just now; a moment ago",剛才,gong1 choi4,gong1 coi4,gōng chòih,3
个子,gè zi,"height; stature; build; size",個子,go3 ji2,go3 zi2,go jí,3
根据,gēn jù,"according to; based on; basis; foundation; CL:个",根據,gan1 geui3,gan1 geoi3,gān geui,3
跟,gēn,"with (someone); towards; as (compared to); and (in addition to); heel; to follow closely; to go with; to marry sb (of woman)",跟,gan1,gan1,gān,3
更,gèng,"more; still more; even more",更,gaang1/gang1/gang3,gaang1/gang1/gang3,gāang/gāng/gang,3
公斤,gōng jīn,"kilogram (kg)",公斤,gung1 gan1,gung1 gan1,gūng gān,3
公园,gōng yuán,"public park; CL:场[chang3]",公園,gung1 yun2,gung1 jyun2,gūng yún,3
故事,gù shi,"story; tale; narrative",故事,gu3 si6,gu3 si6,gu sih,3
刮风,guā fēng,"to be windy",刮風,gwaat3 fung1,gwaat3 fung1,gwaat fūng,3
关,guān,"to close; to shut; to turn off; mountain pass; to concern; to involve",關,gwaan1,gwaan1,gwāan,3
关系,guān xì,"relationship (network); relation; to concern; to affect; to have to do with; guanxi; CL:个",關系,gwaan1 hai6,gwaan1 hai6,gwāan haih,3
关心,guān xīn,"to care for sth; caring; concerned",關心,gwaan1 sam1,gwaan1 sam1,gwāan sām,3
关于,guān yú,"pertaining to; concerning; regarding; with regards to; about; a matter of",關于,gwaan1 yu1,gwaan1 jyu1,gwāan yū,3
国家,guó jiā,"country; nation; state; CL:个",國家,gwok3 ga1,gwok3 gaa1,gwok gā,3
过,guò,"to cross; to go over; to pass (time); to get along",過,gwo3,gwo3,gwo,3
过去,guò qu,"(in the) past; former; previous; to go over; to pass by",過去,gwo3 heui3,gwo3 heoi3,gwo heui,3
还是,hái shì,"or; still; nevertheless",還是,waan4 si6,waan4 si6,wàahn sih,3
害怕,hài pà,"to be afraid; to be scared",害怕,hoi6 pa3,hoi6 paa3,hoih pa,3
黑板,hēi bǎn,"blackboard; CL:块[kuai4] ,个",黑板,hak1 baan2,hak1 baan2,hāk báan,3
后来,hòu lái,"afterwards; later",後來,hau6 loi4,hau6 loi4,hauh lòih,3
护照,hù zhào,"passport; CL:本[ben3] ,个",護照,wu6 jiu3,wu6 ziu3,wuh jiu,3
花,huā,"to blossom; to spend (money, time)",花,fa1,faa1,fā,3
花,huā,"flower; blossoms; bloom: pattern: design",花,fa1,faa1,fā,3
画,huà,"to draw; picture; painting; CL:幅[fu2] ,张[zhang1]",畫,wa2/wa6/waak6,waa2/waa6/waak6,wá/wah/waahk,3
坏,huài,"bad; spoiled; broken; to break down",壞,waai6,waai6,waaih,3
欢迎,huān yíng,"to welcome; welcome",歡迎,fun1 ying4,fun1 jing4,fūn yìhng,3
环境,huán jìng,"environment; circumstances; surroundings; ambient; CL:个",環境,waan4 ging2,waan4 ging2,wàahn gíng,3
还,huán,"to come back; to give back; to return; to pay back",還,waan4,waan4,wàahn,3
换,huàn,"change; exchange",換,wun6,wun6,wuhn,3
黄河,huáng hé,"Yellow River",黃河,wong4 ho4,wong4 ho4,wòhng hòh,3
回答,huí dá,"to reply; to answer; the answer; CL:个",回答,wui4 daap3,wui4 daap3,wùih daap,3
会议,huì yì,"meeting; conference; CL:场[chang3] ,届[jie4]",會議,wui6 yi5,wui6 ji5,wuih yíh,3
或者,huò zhě,"or; possibly; maybe; perhaps",或者,waak6 je2,waak6 ze2,waahk jé,3
几乎,jī hū,"almost; nearly; practically",幾乎,gei1 fu4,gei1 fu4,gēi fùh,3
机会,jī huì,"opportunity; chance; occasion; CL:个",機會,gei1 wui6,gei1 wui6,gēi wuih,3
极,jí,"extremely; pole (geography, physics); utmost; top",極,gik6,gik6,gihk,3
季节,jì jié,"time; season; period; CL:个",季節,gwai3 jit3,gwai3 zit3,gwai jit,3
记得,jì de,"to remember",記得,gei3 dak1,gei3 dak1,gei dāk,3
检查,jiǎn chá,"inspection; to examine; to inspect; CL:次[ci4]",檢查,gim2 cha4,gim2 caa4,gím chàh,3
简单,jiǎn dān,"simple; not complicated",簡單,gaan2 daan1,gaan2 daan1,gáan dāan,3
健康,jiàn kāng,"health; healthy",健康,gin6 hong1,gin6 hong1,gihn hōng,3
见面,jiàn miàn,"to meet; to see sb; CL:次[ci4]",見面,gin3 min6,gin3 min6,gin mihn,3
讲,jiǎng,"to explain; to speak; to negotiate; to emphasise; to be particular about; as far as sth is concerned; speech; lecture",講,gong2,gong2,góng,3
教,jiào,"to teach",教,gaau3,gaau3,gaau,3
脚,jiǎo,"foot; leg; base; kick; CL:双[shuang1] ,只[zhi1]",腳,geuk3,goek3,geuk,3
角,jiǎo,"horn; angle; corner ; horn-shaped; unit of money equal to 0.10 yuan; CL:个",角,gok3,gok3,gok,3
接,jiē,"to receive; to answer (the phone); to meet or welcome sb; to connect; to catch; to join; to extend; to take one's turn on duty; take over for sb",接,jip3,zip3,jip,3
街道,jiē dào,"street; CL:条[tiao2]",街道,gaai1 dou6,gaai1 dou6,gāai douh,3
结婚,jié hūn,"to marry; to get married; CL:次[ci4]",結婚,git3 fan1,git3 fan1,git fān,3
结束,jié shù,"to finish; to end; to conclude; to close; termination",結束,git3 chuk1,git3 cuk1,git chūk,3
节目,jié mù,"program; item (on a program); CL:台[tai2] ,个,套[tao4]",節目,jit3 muk6,zit3 muk6,jit muhk,3
节日,jié rì,"holiday; festival; CL:个",節日,jit3 yat6,zit3 jat6,jit yaht,3
解决,jiě jué,"to settle (a dispute); to resolve; to solve",解決,gaai2 kyut3,gaai2 kyut3,gáai kyut,3
借,jiè,"to lend; to borrow; excuse; pretext; by means of; to seize (an opportunity); to take (an opportunity)",借,je3,ze3,je,3
经常,jīng cháng,"day to day; everyday; daily; frequently; constantly; regularly; often",經常,ging1 seung4,ging1 soeng4,gīng sèuhng,3
经过,jīng guò,"to pass; to go through; process; course; CL:个",經過,ging1 gwo3,ging1 gwo3,gīng gwo,3
经理,jīng lǐ,"manager; director; CL:个,位[wei4] ,名[ming2]",經理,ging1 lei5,ging1 lei5,gīng léih,3
久,jiǔ,"(long) time; (long) duration of time",久,gau2,gau2,gáu,3
旧,jiù,"old; opposite: new 新; former; worn (with age)",舊,gau6,gau6,gauh,3
句子,jù zi,"sentence; CL:个",句子,geui3 ji2,geoi3 zi2,geui jí,3
决定,jué dìng,"to decide (to do something); to resolve; decision; certainly; CL:个,项[xiang4]",決定,kyut3 ding6,kyut3 ding6,kyut dihng,3
可爱,kě ài,"amiable; cute; lovely",可愛,ho2 oi3,ho2 oi3,hó oi,3
渴,kě,"thirsty",渴,hot3,hot3,hot,3
刻,kè,"quarter (hour); moment; to carve; to engrave; to cut; oppressive; classifier for short time intervals",刻,hak1,hak1,hāk,3
客人,kè rén,"visitor; guest; customer; client; CL:位[wei4]",客人,haak3 yan4,haak3 jan4,haak yàhn,3
空调,kōng tiáo,"air conditioning",空調,hung1 tiu4,hung1 tiu4,hūng tìuh,3
口,kǒu,"mouth; classifier for things with mouths (people, domestic animals, cannons, wells etc)",口,hau2,hau2,háu,3
哭,kū,"to cry; to weep",哭,huk1,huk1,hūk,3
裤子,kù zi,"trousers; pants; CL:条[tiao2]",褲子,fu3 ji2,fu3 zi2,fu jí,3
筷子,kuài zi,"chopsticks; CL:对[dui4] ,根[gen1] ,把[ba3] ,双[shuang1]",筷子,faai3 ji2,faai3 zi2,faai jí,3
蓝,lán,"blue; indigo plant",藍,laam4,laam4,làahm,3
老,lǎo,"old (of people); venerable (person); prefix used before the surname of a person or a numeral indicating the order of birth of the children in a family or to indicate affection or familiarity; experienced; of long standing; always; all the time; of the past; very; outdated; (of meat etc) tough",老,lou5,lou5,lóuh,3
离开,lí kāi,"to depart; to leave",離開,lei4 hoi1,lei4 hoi1,lèih hōi,3
礼物,lǐ wù,"gift; present; CL:件[jian4] ,个,份[fen4]",禮物,lai5 mat6,lai5 mat6,láih maht,3
历史,lì shǐ,"History; CL:门[men2] ,段[duan4]",曆史,lik6 si2,lik6 si2,lihk sí,3
脸,liǎn,"face; CL:张[zhang1] ,个",臉,lim5,lim5,líhm,3
练习,liàn xí,"exercise; drill; practice; CL:个",練習,lin6 jaap6,lin6 zaap6,lihn jaahp,3
辆,liàng,"classifier for vehicles",輛,leung6,loeng6,leuhng,3
聊天,liáo tiān,"to chat; to gossip",聊天,liu4 tin1,liu4 tin1,lìuh tīn,3
了解,liǎo jiě,"to understand; to realize; to find out",了解,liu5 gaai2,liu5 gaai2,líuh gáai,3
邻居,lín jū,"neighbor; next door; CL:个",鄰居,leun4 geui1,leon4 geoi1,lèuhn gēui,3
留学,liú xué,"to study abroad",留學,lau4 hok6,lau4 hok6,làuh hohk,3
楼,lóu,"house with more than 1 story; storied building; floor; CL:层[ceng2] ,座[zuo4] ,栋[dong4]",樓,lau2/lau4,lau2/lau4,láu/làuh,3
绿,lǜ,"green",綠,luk6,luk6,luhk,3
马,mǎ,"horse; abbr. for Malaysia,CL:匹",馬,ma5,maa5,máh,3
马上,mǎ shàng,"right away; at once; immediately; lit. on horseback",馬上,ma5 seung6,maa5 soeng6,máh seuhng,3
满意,mǎn yì,"satisfied; pleased; to one's satisfaction",滿意,mun5 yi3,mun5 ji3,múhn yi,3
帽子,mào zi,"hat; cap; CL:顶[ding3]",帽子,mou2 ji2,mou2 zi2,móu jí,3
米,mǐ,"rice; meter (classifier); CL:粒[li4]",米,mai5,mai5,máih,3
面包,miàn bāo,"bread; CL:片[pian4] ,袋[dai4] ,块[kuai4]",面包,min6 baau1,min6 baau1,mihn bāau,3
明白,míng bai,"to understand (clearly); to realize; clear; obvious; unequivocal;",明白,ming4 baak6,ming4 baak6,mìhng baahk,3
拿,ná,"to hold; to seize; to catch; to apprehend; to take",拿,na4,naa4,nàh,3
奶奶,nǎi nai,"(informal) father's mother; paternal grandmother; CL:位[wei4]",奶奶,naai5 naai5,naai5 naai5,náaih náaih,3
南,nán,"south",南,naam4,naam4,nàahm,3
难,nán,"difficult (to...); problem; difficulty; difficult; not good",難,naan4,naan4,nàahn,3
难过,nán guò,"feel sorry; be grieved",難過,naan4 gwo3,naan4 gwo3,nàahn gwo,3
年级,nián jí,"grade; CL:个",年級,nin4 kap1,nin4 kap1,nìhn kāp,3
年轻,nián qīng,"young",年輕,nin4 hing1,nin4 hing1,nìhn hīng,3
鸟,niǎo,"bird; CL:只[zhi1] ,群[qun2]",鳥,niu5,niu5,níuh,3
努力,nǔ lì,"great effort; to strive; to try hard",努力,nou5 lik6,nou5 lik6,nóuh lihk,3
爬山,pá shān,"to climb a mountain; to mountaineer; hiking; mountaineering",爬山,pa4 saan1,paa4 saan1,pàh sāan,3
盘子,pán zi,"plate; tray; dish",盤子,pun4 ji2,pun4 zi2,pùhn jí,3
胖,pàng,"fat; plump",胖,bun6,bun6,buhn,3
啤酒,pí jiǔ,"beer; CL:杯[bei1] ,瓶[ping2] ,罐[guan4] ,桶[tong3] ,缸[gang1]",啤酒,be1 jau2,be1 zau2,bē jáu,3
皮鞋,pí xié,"leather shoes",皮鞋,pei4 haai4,pei4 haai4,pèih hàaih,3
瓶子,píng zi,"bottle; CL:个",瓶子,ping4 ji2,ping4 zi2,pìhng jí,3
其实,qí shí,"actually; in fact; really",其實,kei4 sat6,kei4 sat6,kèih saht,3
其他,qí tā,"other; the others; else; other than (that person); in addition to the person mentioned above",其他,kei4 ta1,kei4 taa1,kèih tā,3
奇怪,qí guài,"strange; odd",奇怪,kei4 gwaai3,kei4 gwaai3,kèih gwaai,3
骑,qí,"to ride (an animal or bike); to sit astride",騎,ke4,ke4,kèh,3
起飞,qǐ fēi,"to take off (in an airplane)",起飛,hei2 fei1,hei2 fei1,héi fēi,3
起来,qǐ lái,"beginning or continuing an action; upward movement; stand up",起來,hei2 loi4,hei2 loi4,héi lòih,3
清楚,qīng chu,"（be) clear (about); clearly understood; clear; distinct",清楚,ching1 cho2,cing1 co2,chīng chó,3
请假,qǐng jià,"ask for time off",請假,cheng2 ga3,ceng2 gaa3,chéng ga,3
秋,qiū,"autumn; fall; harvest time; a swing; surname Qiu",秋,chau1,cau1,chāu,3
裙子,qún zi,"skirt; CL:条[tiao2]",裙子,kwan4 ji2,kwan4 zi2,kwàhn jí,3
然后,rán hòu,"then (afterwards); after that; afterwards; after",然後,yin4 hau6,jin4 hau6,yìhn hauh,3
热情,rè qíng,"cordial; enthusiastic; passion; passionate; passionately",熱情,yit6 ching4,jit6 cing4,yiht chìhng,3
认为,rèn wéi,"to believe; to think; to consider; to feel",認為,ying6 wai4,jing6 wai4,yihng wàih,3
认真,rèn zhēn,"conscientious; earnest; serious; to take seriously; to take to heart",認真,ying6 jan1,jing6 zan1,yihng jān,3
容易,róng yì,"easy; likely; liable (to)",容易,yung4 yi6,jung4 ji6,yùhng yih,3
如果,rú guǒ,"if; in case; in the event that",如果,yu4 gwo2,jyu4 gwo2,yùh gwó,3
伞,sǎn,"umbrella; parasol; CL:把[ba3]",傘,saan3,saan3,saan,3
上网,shàng wǎng,"to be on the internet; to stretch a net (in a sports game or for covering sth); to be netted (of fish)",上網,seung5 mong5,soeng5 mong5,séuhng móhng,3
声音,shēng yīn,"voice; sound; CL:个",聲音,sing1 yam1,sing1 jam1,sīng yām,3
生气,shēng qì,"angry; mad; offended; animated; to get angry; to be enraged; to take offense; animation",生氣,sang1 hei3,sang1 hei3,sāng hei,3
世界,shì jiè,"world; CL:个",世界,sai3 gaai3,sai3 gaai3,sai gaai,3
试,shì,"to test; to try; experiment; examination; test",試,si3,si3,si,3
瘦,shòu,"tight; thin; lean",瘦,sau3,sau3,sau,3
叔叔,shū shu,"father's younger brother; uncle; CL:个",叔叔,suk1 suk1,suk1 suk1,sūk sūk,3
舒服,shū fu,"comfortable; feeling well",舒服,syu1 fuk6,syu1 fuk6,syū fuhk,3
数学,shù xué,"mathematics; mathematical",數學,sou3 hok6,sou3 hok6,sou hohk,3
树,shù,"tree; CL:棵[ke1]",樹,syu6,syu6,syuh,3
刷牙,shuā yá,"to brush teeth",刷牙,chaat3 nga4,caat3 ngaa4,chaat ngàh,3
双,shuāng,"pair; double; two; both",雙,seung1,soeng1,sēung,3
水平,shuǐ píng,"level (of achievement etc); standard; horizontal",水平,seui2 ping4,seoi2 ping4,séui pìhng,3
司机,sī jī,"chauffeur; driver; CL:个",司機,si1 gei1,si1 gei1,sī gēi,3
太阳,tài yáng,"sun; CL:个",太陽,taai3 yeung4,taai3 joeng4,taai yèuhng,3
特别,tè bié,"especially; special; particular; unusual",特別,dak6 bit6,dak6 bit6,dahk biht,3
疼,téng,"(it) hurts; love fondly; ache; pain; sore",疼,tang4,tang4,tàhng,3
提高,tí gāo,"to raise; to increase",提高,tai4 gou1,tai4 gou1,tàih gōu,3
体育,tǐ yù,"sports; physical education",體育,tai2 yuk6,tai2 juk6,tái yuhk,3
甜,tián,"sweet",甜,tim4,tim4,tìhm,3
条,tiáo,"strip; item; article; clause (of law or treaty); classifier for long thin things (ribbon, river, road, trousers etc)",條,tiu4,tiu4,tìuh,3
同事,tóng shì,"colleague; co-worker; CL:个,位[wei4]",同事,tung4 si6,tung4 si6,tùhng sih,3
同意,tóng yì,"to agree; to consent; to approve",同意,tung4 yi3,tung4 ji3,tùhng yi,3
头发,tóu fa,"hair (on the head)",頭發,tau4 faat3,tau4 faat3,tàuh faat,3
突然,tū rán,"sudden; abrupt; unexpected",突然,dat6 yin4,dat6 jin4,daht yìhn,3
图书馆,tú shū guǎn,"library; CL:家[jia1] ,个",圖書館,tou4 syu1 gun2,tou4 syu1 gun2,tòuh syū gún,3
腿,tuǐ,"leg; CL:条[tiao2]",腿,teui2,teoi2,téui,3
完成,wán chéng,"complete; accomplish; perfect tense (grammar)",完成,yun4 sing4,jyun4 sing4,yùhn sìhng,3
碗,wǎn,"bowl; cup; CL:只[zhi1] ,个",碗,wun2,wun2,wún,3
万,wàn,"ten thousand; a great number",萬,maan6,maan6,maahn,3
忘记,wàng jì,"to forget",忘記,mong4 gei3,mong4 gei3,mòhng gei,3
为,wèi,"because of; for; to",為,wai4/wai6,wai4/wai6,wàih/waih,3
为了,wèi le,"in order to; for the purpose of; so as to",為了,wai6 liu5,wai6 liu5,waih líuh,3
位,wèi,"position; location; place; seat; classifier for people (honorific); classifier for binary bits (e.g. 十六位 16-bit or 2 bytes)",位,wai2/wai6,wai2/wai6,wái/waih,3
文化,wén huà,"culture; civilization; cultural; CL:个,种[zhong3]",文化,man4 fa3,man4 faa3,màhn fa,3
西,xī,"west",西,sai1,sai1,sāi,3
习惯,xí guàn,"habit; custom; usual practice; to be used to; CL:个",習慣,jaap6 gwaan3,zaap6 gwaan3,jaahp gwaan,3
洗手间,xǐ shǒu jiān,"toilet; lavatory; washroom",洗手間,sai2 sau2 gaan1,sai2 sau2 gaan1,sái sáu gāan,3
洗澡,xǐ zǎo,"to bathe; to take a shower",洗澡,sai2 chou3,sai2 cou3,sái chou,3
夏,xià,"summer",夏,ha6,haa6,hah,3
先,xiān,"early; prior; former; in advance; first",先,sin1,sin1,sīn,3
相信,xiāng xìn,"to believe; to be convinced (that something is true); to accept sth as true",相信,seung1 seun3,soeng1 seon3,sēung seun,3
香蕉,xiāng jiāo,"banana; CL:枝[zhi1] ,根[gen1] ,个,把[ba3]",香蕉,heung1 jiu1,hoeng1 ziu1,hēung jīu,3
像,xiàng,"(look) like; similar (to); appearance; to appear; to seem; image; portrait; resemble; seem",像,jeung6,zoeng6,jeuhng,3
向,xiàng,"direction; orientation; to face; to turn toward; to; towards; shortly before; formerly; to side with; to be partial to; all along (previously); surname Xiang",向,heung3,hoeng3,heung,3
小心,xiǎo xīn,"to be careful; to take care",小心,siu2 sam1,siu2 sam1,síu sām,3
校长,xiào zhǎng,"(college, university) president; headmaster; CL:个,位[wei4] ,名[ming2]",校長,haau6 jeung2,haau6 zoeng2,haauh jéung,3
新闻,xīn wén,"news; CL:条[tiao2] ,个",新聞,san1 man4,san1 man4,sān màhn,3
新鲜,xīn xiān,"fresh (experience, food etc); freshness",新鮮,san1 sin1,san1 sin1,sān sīn,3
信用卡,xìn yòng kǎ,"credit card",信用卡,seun3 yung6 kaat1,seon3 jung6 kaat1,seun yuhng kāat,3
行李箱,xíng lǐ xiāng,"suitcase",行李箱,hang4 lei5 seung1,hang4 lei5 soeng1,hàhng léih sēung,3
熊猫,xióng māo,"panda; CL:只[zhi1]",熊貓,hung4 maau1,hung4 maau1,hùhng māau,3
需要,xū yào,"to need; to want; to demand; needs; to require",需要,seui1 yiu3,seoi1 jiu3,sēui yiu,3
选择,xuǎn zé,"to select; to pick; choice; option; alternative",選擇,syun2 jaak6,syun2 zaak6,syún jaahk,3
要求,yāo qiú,"to request; to require; to stake a claim; to ask; to demand; CL:点[dian3]",要求,yiu1 kau4,jiu1 kau4,yīu kàuh,3
爷爷,yé ye,"(informal) father's father; paternal grandfather; CL:个",爺爺,ye4 ye2,je4 je2,yèh yé,3
一直,yī zhí,"straight (in a straight line); continuously; always; from the beginning of... up to...; all along",一直,yat1 jik6,jat1 zik6,yāt jihk,3
一定,yí dìng,"surely; certainly; necessarily; fixed; a certain (extent etc); given; particular; must",一定,yat1 ding6,jat1 ding6,yāt dihng,3
一共,yī gòng,"altogether",一共,yat1 gung6,jat1 gung6,yāt guhng,3
一会儿,yī huì er,"a while",一會兒,yat1 wui6 yi4,jat1 wui6 ji4,yāt wuih yìh,3
一样,yī yàng,"same; like; equal to; the same as; just like",一樣,yat1 yeung6,jat1 joeng6,yāt yeuhng,3
以前,yǐ qián,"before; formerly; previous; ago",以前,yi5 chin4,ji5 cin4,yíh chìhn,3
一般,yī bān,"ordinary; common; general; generally; in general; same",一般,yat1 bun1,jat1 bun1,yāt būn,3
一边,yī biān,"one side; either side; on the one hand; on the other hand; doing while",一邊,yat1 bin1,jat1 bin1,yāt bīn,3
音乐,yīn yuè,"music; CL:张[zhang1] ,曲[qu3] ,段[duan4]",音樂,yam1 ngok6,jam1 ngok6,yām ngohk,3
银行,yín háng,"bank; CL:家[jia1] ,个",銀行,ngan4 hong4,ngan4 hong4,ngàhn hòhng,3
饮料,yǐn liào,"(a) drink; beverage",飲料,yam2 liu6,jam2 liu6,yám liuh,3
应该,yīng gāi,"ought to; should; must",應該,ying1 goi1,jing1 goi1,yīng gōi,3
影响,yǐng xiǎng,"influence; effect; to influence; to affect (usually adversely); to disturb; CL:股[gu3]",影響,ying2 heung2,jing2 hoeng2,yíng héung,3
用,yòng,"to use; to employ; to have to; to eat or drink; expense or outlay; usefulness; hence; therefore",用,yung6,jung6,yuhng,3
游戏,yóu xì,"game; play; CL:场[chang3]",遊戲,yau4 hei3,jau4 hei3,yàuh hei,3
有名,yǒu míng,"famous; well-known",有名,yau5 meng2,jau5 meng2,yáuh méng,3
又,yòu,"(once) again; also; both... and...; again",又,yau6,jau6,yauh,3
遇到,yù dào,"to meet; to run into; to come across",遇到,yu6 dou2,jyu6 dou2,yuh dóu,3
元,yuán,"Yuan (RMB); first; primary; basic",元,yun4,jyun4,yùhn,3
愿意,yuàn yì,"to wish; to want; ready; willing (to do sth)",願意,yun6 yi3,jyun6 ji3,yuhn yi,3
月亮,yuè liang,"moon",月亮,yut6 leung6,jyut6 loeng6,yuht leuhng,3
越,yuè,"to exceed; to climb over; to surpass; the more... the more",越,yut6,jyut6,yuht,3
站,zhàn,"station; to stand; to halt; to stop; branch of a company or organisation",站,jaam6,zaam6,jaahm,3
张,zhāng,"classifier for flat objects, sheet; sheet of paper; classifier for votes; to open up; to spread;",張,jeung1,zoeng1,jēung,3
长,zhǎng,"elder; senior; to grow; to develop; to come into being; to acquire; to enhance; to increase",長,cheung4/jeung2,coeng4/zoeng2,chèuhng/jéung,3
着急,zháo jí,"to worry; to feel anxious",著急,jeuk6 gap1,zoek6 gap1,jeuhk gāp,3
照顾,zhào gu,"to take care of; to show consideration; to attend to; to look after",照顧,jiu3 gu3,ziu3 gu3,jiu gu,3
照片,zhào piàn,"photo; photograph; picture; CL:张[zhang1] ,套[tao4] ,幅[fu2]",照片,jiu3 pin2,ziu3 pin2,jiu pín,3
照相机,zhào xiàng jī,"camera; CL:个,架[jia4] ,部[bu4] ,台[tai2] ,只[zhi1]",照相機,jiu3 seung2 gei1,ziu3 soeng2 gei1,jiu séung gēi,3
只,zhǐ,"only; just; merely",只,ji2,zi2,jí,3
只,zhǐ,"single; one-only",只,ji2,zi2,jí,3
只有…才…,zhǐ yǒu …cái …,"only if… then…",只有…才…,ji2 yau5… choi4…,zi2 jau5… coi4…,jí yáuh… chòih…,3
中间,zhōng jiān,"between; intermediate; mid; middle",中間,jung1 gaan1,zung1 gaan1,jūng gāan,3
中文,zhōng wén,"Chinese written language; Chinese writing; Chinese",中文,jung1 man4,zung1 man4,jūng màhn,3
终于,zhōng yú,"at last; in the end; finally; eventually",終于,jung1 yu1,zung1 jyu1,jūng yū,3
种,zhǒng,"kind; sort; type",種,jung2/jung3,zung2/zung3,júng/jung,3
重要,zhòng yào,"important; significant; major",重要,jung6 yiu3,zung6 jiu3,juhng yiu,3
周末,zhōu mò,"weekend",周末,jau1 mut6,zau1 mut6,jāu muht,3
主要,zhǔ yào,"main; principal; major; primary",主要,jyu2 yiu3,zyu2 jiu3,jyú yiu,3
注意,zhù yì,"to take note of; to pay attention to",注意,jyu3 yi3,zyu3 ji3,jyu yi,3
自己,zì jǐ,"self; (reflexive pronoun); own",自己,ji6 gei2,zi6 gei2,jih géi,3
自行车,zì xíng chē,"bicycle; bike; CL:辆[liang4]",自行車,ji6 hang4 che1,zi6 hang4 ce1,jih hàhng chē,3
总是,zǒng shì,"always",總是,jung2 si6,zung2 si6,júng sih,3
嘴,zuǐ,"mouth; beak; spout (of teapot etc); CL:张[zhang1] ,个",嘴,jeui2,zeoi2,jéui,3
最后,zuì hòu,"final; last; finally; ultimate",最後,jeui3 hau6,zeoi3 hau6,jeui hauh,3
最近,zuì jìn,"recent; recently; these days; latest; soon; nearest (of locations); shortest (of routes)",最近,jeui3 gan6,zeoi3 gan6,jeui gahn,3
作业,zuò yè,"school assignment; homework; work; task; operation; to operate; CL:个",作業,jok3 yip6,zok3 jip6,jok yihp,3
